Job Title,Company,Location,Date Posted
Software Engineer,Acme Tech,New Orleans LA,Oct 1 2025
Data Analyst,DataCo,Remote,Oct 3 2025
Web Developer,NextGen Solutions,Houston TX,Oct 5 2025
UI/UX Designer,Creative Studio,Atlanta GA,Oct 8 2025
Project Manager,InnovateWorks,Chicago IL,Oct 10 2025
Cybersecurity Specialist,SecureNet Inc,Arlington VA,Oct 11 2025
Database Administrator,CloudBridge Systems,Dallas TX,Oct 12 2025
Mobile App Developer,SwiftLogic,Miami FL,Oct 13 2025
Technical Support Engineer,HelpDeskPro,Seattle WA,Oct 14 2025
AI Research Assistant,FutureMind Labs,Boston MA,Oct 15 2025
Software Tester,QA Experts,San Diego CA,Oct 16 2025
Network Engineer,Connectify Corp,Denver CO,Oct 17 2025
Marketing Data Analyst,InsightHub,San Francisco CA,Oct 18 2025
DevOps Engineer,PipelineWorks,Austin TX,Oct 19 2025
IT Helpdesk Technician,SysAid Solutions,Orlando FL,Oct 20 2025
